{
    "eval_loss": 1.115800142288208,
    "eval_model_preparation_time": 0.0046,
    "eval_runtime": 819.8475,
    "eval_samples_per_second": 4.413,
    "eval_steps_per_second": 0.553,
    "eval_wer": 31.25726777989674
}